{"train_loss": [0.8696138028750944, 0.5200742041058553, 0.3820081424835088, 0.2904596500422644, 0.23143423360098353], "train_acc": [70.602, 82.814, 87.002, 90.224, 92.054], "val_loss": [0.5984616241877592, 0.43685732763024826, 0.37960655496844764, 0.3437202416266067, 0.3201695286397693], "val_acc": [80.19, 85.44, 87.55, 88.55, 89.57]}